directory_year,reference_date,source_name,institution_name,region,city,facility_type,ownership,registration_type,registration_status,registration_number,address,phone,official_url,opening_date,annual_visitors,collection_count,exhibition_area_sqm,official_scale_score,data_confidence,match_status,match_type,match_score,institution_id,closest_existing_name,source_sheet,source_row,source_url
2025,2025-01-01,국립중앙박물관,국립중앙박물관,서울,용산구,박물관,국립,1종,O,국립11-2012-04호,서울특별시 용산구 서빙고로 137,02-2077-9000,https://www.museum.go.kr,1945.12.03,3788785.0,438365.0,22263.59,99.9,1.0,matched,name_exact,1.0,1,국립중앙박물관,박물관,10,https://www.mcst.go.kr/site/s_policy/dept/deptView.jsp?pDataCD=0417000000&pSeq=2078&pType=
2025,2025-01-01,국립민속박물관,국립민속박물관,서울,종로구,박물관,국립,1종,O,국립11-2023-03호,서울특별시 종로구 삼청로 37,02-3704-3114,https://www.nfm.go.kr,1946.04.25,1045627.0,178999.0,5874.43,98.9,1.0,matched,name_exact,1.0,17,국립민속박물관,박물관,11,https://www.mcst.go.kr/site/s_policy/dept/deptView.jsp?pDataCD=0417000000&pSeq=2078&pType=
2025,2025-01-01,대한민국역사박물관,대한민국역사박물관,서울,종로구,박물관,국립,1종,O,국립11-2012-08호,서울특별시 종로구 세종대로 198,02-3703-9200,https://www.much.go.kr,2012.12.26,947274.0,174775.0,3344.71,98.4,1.0,matched,name_exact,1.0,20,대한민국역사박물관,박물관,13,https://www.mcst.go.kr/site/s_policy/dept/deptView.jsp?pDataCD=0417000000&pSeq=2078&pType=
2025,2025-01-01,국립한글박물관,국립한글박물관,서울,용산구,박물관,국립,1종,O,국립11-2013-06호,서울특별시 용산구 서빙고로 139,02-2124-6200,https://www.hangeul.go.kr,2014.10.09,338787.0,89373.0,2190.0,95.4,1.0,matched,name_exact,1.0,18,국립한글박물관,박물관,14,https://www.mcst.go.kr/site/s_policy/dept/deptView.jsp?pDataCD=0417000000&pSeq=2078&pType=
2025,2025-01-01,국립국악원 국악박물관,국립국악원 국악박물관,서울,서초구,박물관,국립,1종,O,국립12-2015-02호,서울특별시 서초구 남부순환로 2364,02-580-3130,https://www.gugak.go.kr,1995.02.23,80057.0,10014.0,1018.0,80.6,1.0,matched,name_exact,1.0,740,국립국악원 국악박물관,박물관,15,https://www.mcst.go.kr/site/s_policy/dept/deptView.jsp?pDataCD=0417000000&pSeq=2078&pType=
2025,2025-01-01,국립극장 공연예술박물관,국립극장 공연예술박물관,서울,중구,박물관,국립,1종,O,국립12-2014-01호,서울특별시 중구 장충단로 59,031-870-9118,https://www.ntok.go.kr/kr/Museum/Main/Index,2009.12.23,14081.0,504521.0,885.0,66.3,1.0,matched,name_exact,1.0,741,국립극장 공연예술박물관,박물관,16,https://www.mcst.go.kr/site/s_policy/dept/deptView.jsp?pDataCD=0417000000&pSeq=2078&pType=
2025,2025-01-01,국립경찰박물관,경찰박물관,서울,종로구,박물관,국립,1종,O,국립12-2022-03호,서울특별시 종로구 송월길 162,02-3150-3681,https://www.policemuseum.go.kr,2005.10.14,102281.0,16682.0,1078.2,84.4,1.0,matched,name_exact,1.0,50,경찰박물관,박물관,17,https://www.mcst.go.kr/site/s_policy/dept/deptView.jsp?pDataCD=0417000000&pSeq=2078&pType=
2025,2025-01-01,국립고궁박물관,국립고궁박물관,서울,종로구,박물관,국립,1종,O,국립12-2017-04호,서울특별시 종로구 효자로 12,02-3701-7500,https://www.gogung.go.kr,2006.08.15,821906.0,88817.0,5634.0,98.1,1.0,matched,name_exact,1.0,21,국립고궁박물관,박물관,18,https://www.mcst.go.kr/site/s_policy/dept/deptView.jsp?pDataCD=0417000000&pSeq=2078&pType=
2025,2025-01-01,국립관세박물관,국립관세박물관,서울,강남구,박물관,국립,1종,O,국립12-2001-02호,서울특별시 강남구 언주로 721,02-510-1089,https://www.customs.go.kr/seoul/main.do,2000.08.30,5218.0,4029.0,490.0,50.1,1.0,matched,name_exact,1.0,742,국립관세박물관,박물관,19,https://www.mcst.go.kr/site/s_policy/dept/deptView.jsp?pDataCD=0417000000&pSeq=2078&pType=
2025,2025-01-01,국립기상박물관,국립기상박물관,서울,종로구,박물관,국립,1종,O,국립12-2020-01호,서울특별시 종로구 송월길 52,070-7850-8495,https://science.kma.go.kr/museum,2020.10.30,16946.0,1123.0,429.54,54.1,1.0,matched,name_exact,1.0,22,국립기상박물관,박물관,20,https://www.mcst.go.kr/site/s_policy/dept/deptView.jsp?pDataCD=0417000000&pSeq=2078&pType=
2025,2025-01-01,국토발전전시관,국토발전전시관,서울,중구,박물관,국립,1종,O,국립12-2017-03호,서울특별시 중구 정동길 18,02-3425-8900,https://www.molit.go.kr/molitum,2017.11.02,121163.0,18708.0,1392.8,87.1,1.0,matched,name_exact,1.0,743,국토발전전시관,박물관,21,https://www.mcst.go.kr/site/s_policy/dept/deptView.jsp?pDataCD=0417000000&pSeq=2078&pType=
2025,2025-01-01,국회박물관,국회박물관,서울,영등포구,박물관,국립,1종,O,국립12-2015-03호,서울특별시 영등포구 의사당대로 1,02-6788-3664,https://museum.assembly.go.kr,1998.05.29,284185.0,33552.0,2559.77,94.0,1.0,matched,name_exact,1.0,744,국회박물관,박물관,22,https://www.mcst.go.kr/site/s_policy/dept/deptView.jsp?pDataCD=0417000000&pSeq=2078&pType=
2025,2025-01-01,석조전 대한제국역사관,석조전 대한제국역사관,서울,중구,박물관,국립,2종,O,국립21-2018-02호,서울특별시 중구 세종대로 99,02-771-9952,https://www.deoksugung.go.kr/,2014.10.13,45800.0,71.0,1170.0,57.7,1.0,matched,name_exact,1.0,745,석조전 대한제국역사관,박물관,23,https://www.mcst.go.kr/site/s_policy/dept/deptView.jsp?pDataCD=0417000000&pSeq=2078&pType=
2025,2025-01-01,육군박물관,육군박물관,서울,노원구,박물관,국립,1종,O,국립12-2001-01호,서울특별시 노원구 화랑로 574,02-2197-6608,https://museum.kma.ac.kr,1985.05.01,67215.0,15483.0,4574.0,84.4,1.0,matched,name_exact,1.0,746,육군박물관,박물관,24,https://www.mcst.go.kr/site/s_policy/dept/deptView.jsp?pDataCD=0417000000&pSeq=2078&pType=
2025,2025-01-01,한국영화박물관,한국영화박물관,서울,마포구,박물관,국립,1종,O,국립12-2015-04호,서울특별시 마포구 월드컵북로 400,02-3153-2072,https://www.koreafilm.or.kr/museum/main,2008.05.09,44728.0,1400083.0,673.0,78.0,1.0,matched,name_exact,1.0,747,한국영화박물관,박물관,25,https://www.mcst.go.kr/site/s_policy/dept/deptView.jsp?pDataCD=0417000000&pSeq=2078&pType=
2025,2025-01-01,국립항공박물관,국립항공박물관,서울,강서구,박물관,국립,1종,O,국립11-2022-01호,서울특별시 강서구 하늘길 177,02-6940-3198,https://www.aviation.or.kr,2020.07.05,365001.0,22530.0,6793.0,95.9,1.0,matched,name_exact,1.0,54,국립항공박물관,박물관,26,https://www.mcst.go.kr/site/s_policy/dept/deptView.jsp?pDataCD=0417000000&pSeq=2078&pType=
2025,2025-01-01,국립대한민국임시정부기념관,국립대한민국임시정부기념관,서울,서대문구,박물관,국립,1종,O,국립12-2022-02호,서울특별시 서대문구 통일로 279-24,02-772-8708,https://www.nmkpg.go.kr,2022.03.01,188095.0,9742.0,2385.35,89.0,1.0,matched,name_exact,1.0,748,국립대한민국임시정부기념관,박물관,27,https://www.mcst.go.kr/site/s_policy/dept/deptView.jsp?pDataCD=0417000000&pSeq=2078&pType=
2025,2025-01-01,둘리뮤지엄,둘리뮤지엄,서울,도봉구,박물관,공립,1종,O,서울-공립12-2015-06호,서울특별시 도봉구 시루봉로 1길 6,02-990-2200,https://www.doolymuseum.or.kr,2015.07.24,57434.0,466.0,1046.0,64.0,1.0,matched,name_exact,1.0,118,둘리뮤지엄,박물관,29,https://www.mcst.go.kr/site/s_policy/dept/deptView.jsp?pDataCD=0417000000&pSeq=2078&pType=
2025,2025-01-01,서대문자연사박물관,서대문자연사박물관,서울,서대문구,박물관,공립,1종,O,서울-공립11-2004-01호,서울특별시 서대문구 연희로 32길 51,02-330-8899,https://namu.sdm.go.kr,2003.07.10,232324.0,53697.0,2667.0,89.7,1.0,matched,name_exact,1.0,110,서대문자연사박물관,박물관,30,https://www.mcst.go.kr/site/s_policy/dept/deptView.jsp?pDataCD=0417000000&pSeq=2078&pType=
2025,2025-01-01,서대문형무소역사관,서대문형무소역사관,서울,서대문구,박물관,공립,1종,O,서울-공립12-2007-01호,서울특별시 서대문구 통일로 251,02-360-8590,https://www.sphh.sscmc.or.kr,1998.11.05,567608.0,429.0,2077.0,78.5,1.0,matched,name_exact,1.0,119,서대문형무소역사관,박물관,31,https://www.mcst.go.kr/site/s_policy/dept/deptView.jsp?pDataCD=0417000000&pSeq=2078&pType=
2025,2025-01-01,서소문성지 역사박물관,서소문성지 역사박물관,서울,중구,박물관,공립,1종,O,서울-공립12-2020-04호,서울특별시 중구 칠패로 5,02-3147-2404,https://www.seosomun.org,2019.06.01,205843.0,867.0,2641.27,77.8,1.0,matched,name_exact,1.0,111,서소문성지 역사박물관,박물관,32,https://www.mcst.go.kr/site/s_policy/dept/deptView.jsp?pDataCD=0417000000&pSeq=2078&pType=
2025,2025-01-01,서울공예박물관,서울공예박물관,서울,종로구,박물관,공립,1종,O,서울-공립12-2021-01호,서울특별시 종로구 율곡로 3길 4,02-6450-7000,https://craftmuseum.seoul.go.kr,2021.11.29,652872.0,51719.0,2234.1,92.4,1.0,matched,name_exact,1.0,9,서울공예박물관,박물관,33,https://www.mcst.go.kr/site/s_policy/dept/deptView.jsp?pDataCD=0417000000&pSeq=2078&pType=
2025,2025-01-01,서울교육박물관,서울교육박물관,서울,종로구,박물관,공립,1종,O,서울-공립12-1996-01호,서울특별시 종로구 북촌로 5길 48,02-2022-5780,https://edumuseum.sen.go.kr,1994.06.10,114562.0,17527.0,524.0,79.3,1.0,matched,name_exact,1.0,49,서울교육박물관,박물관,34,https://www.mcst.go.kr/site/s_policy/dept/deptView.jsp?pDataCD=0417000000&pSeq=2078&pType=
2025,2025-01-01,서울상상나라,서울상상나라,서울,광진구,박물관,공립,1종,O,서울-공립12-1013-05호,서울특별시 광진구 능동로 216,02-6450-9500,https://www.seoulchildrensmuseum.org,2013.05.02,404503.0,99.0,2781.0,73.7,1.0,matched,name_exact,1.0,120,서울상상나라,박물관,35,https://www.mcst.go.kr/site/s_policy/dept/deptView.jsp?pDataCD=0417000000&pSeq=2078&pType=
2025,2025-01-01,서울생활사박물관,서울생활사박물관,서울,노원구,박물관,공립,1종,O,서울-공립12-2020-06호,서울특별시 노원구 동일로 174길 27,02-3399-2900,https://museum.seoul.go.kr/sulm/index.do,2019.09.26,280099.0,11033.0,1272.0,86.0,1.0,matched,name_exact,1.0,11,서울생활사박물관,박물관,36,https://www.mcst.go.kr/site/s_policy/dept/deptView.jsp?pDataCD=0417000000&pSeq=2078&pType=
2025,2025-01-01,서울약령시한의약박물관,서울약령시한의약박물관,서울,동대문구,박물관,공립,1종,O,서울-공립12-2007-03호,서울특별시 동대문구 약령중앙로 26,02-969-9241,https://kmedi.ddm.go.kr,2017.10.27,146227.0,1137.0,624.0,72.3,1.0,matched,name_exact,1.0,121,서울약령시한의약박물관,박물관,37,https://www.mcst.go.kr/site/s_policy/dept/deptView.jsp?pDataCD=0417000000&pSeq=2078&pType=
2025,2025-01-01,서울역사박물관,서울역사박물관,서울,종로구,박물관,공립,1종,O,서울-공립11-2003-02호,서울특별시 종로구 새문안로 55,02-724-0274~6,https://museum.seoul.go.kr,2002.05.21,754677.0,373422.0,6328.0,94.5,1.0,matched,name_exact,1.0,10,서울역사박물관,박물관,38,https://www.mcst.go.kr/site/s_policy/dept/deptView.jsp?pDataCD=0417000000&pSeq=2078&pType=
2025,2025-01-01,서울우리소리박물관,서울우리소리박물관,서울,종로구,박물관,공립,1종,O,서울-공립12-2020-05호,서울특별시 종로구 율곡로 96,02-742-2600,https://museum.seoul.go.kr/sekm,2019.11.21,127858.0,7869.0,576.0,77.3,1.0,matched,name_exact,1.0,23,서울우리소리박물관,박물관,39,https://www.mcst.go.kr/site/s_policy/dept/deptView.jsp?pDataCD=0417000000&pSeq=2078&pType=
2025,2025-01-01,성북선잠박물관,성북선잠박물관,서울,성북구,박물관,공립,2종,O,서울-공립21-2018-03호,서울특별시 성북구 성북로 96,02-744-0025,https://museum.sb.go.kr,2018.04.10,26727.0,491.0,161.0,46.8,1.0,matched,name_exact,1.0,106,성북선잠박물관,박물관,40,https://www.mcst.go.kr/site/s_policy/dept/deptView.jsp?pDataCD=0417000000&pSeq=2078&pType=
2025,2025-01-01,손기정기념관,손기정기념관,서울,중구,박물관,공립,1종,O,서울-공립12-2013-06호,서울특별시 중구 손기정로 101,02-364-1936,https://www.sonkeechung.com,2012.10.14,10772.0,5540.0,715.0,53.0,1.0,matched,name_exact,1.0,122,손기정기념관,박물관,41,https://www.mcst.go.kr/site/s_policy/dept/deptView.jsp?pDataCD=0417000000&pSeq=2078&pType=
2025,2025-01-01,송파책박물관,송파책박물관,서울,송파구,박물관,공립,1종,O,서울-공립12-2019-01호,서울특별시 송파구 송파대로 37길 77,02-2147-2486,https://www.bookmuseum.go.kr,2019.04.23,326464.0,22982.0,1040.0,87.8,1.0,matched,name_exact,1.0,123,송파책박물관,박물관,42,https://www.mcst.go.kr/site/s_policy/dept/deptView.jsp?pDataCD=0417000000&pSeq=2078&pType=
2025,2025-01-01,수도박물관,수도박물관,서울,성동구,박물관,공립,1종,O,서울-공립12-2008-11호,서울특별시 성동구 왕십리로 27,02-3146-5921,https://arisu.seoul.go.kr/arisumuseum,2008.04.24,109436.0,926.0,5941.0,74.4,1.0,matched,name_exact,1.0,124,수도박물관,박물관,43,https://www.mcst.go.kr/site/s_policy/dept/deptView.jsp?pDataCD=0417000000&pSeq=2078&pType=
2025,2025-01-01,암사동선사유적박물관,암사동선사유적박물관,서울,강동구,박물관,공립,1종,O,서울-공립12-2018-04호,서울특별시 강동구 올림픽로 875,02-3425-6520,https://sunsa.gangdong.go.kr,1988.08.30,110080.0,542.0,1687.0,71.3,1.0,matched,name_exact,1.0,125,암사동선사유적박물관,박물관,44,https://www.mcst.go.kr/site/s_policy/dept/deptView.jsp?pDataCD=0417000000&pSeq=2078&pType=
2025,2025-01-01,용산역사박물관,용산역사박물관,서울,용산구,박물관,공립,1종,O,서울-공립12-2022-01호,서울특별시 용산구 한강대로 14길 35-29,02-2199-7270,https://museum.yongsan.go.kr,2022.03.23,57439.0,5564.0,1104.96,72.4,1.0,matched,name_exact,1.0,126,용산역사박물관,박물관,45,https://www.mcst.go.kr/site/s_policy/dept/deptView.jsp?pDataCD=0417000000&pSeq=2078&pType=
2025,2025-01-01,은평역사한옥박물관,은평역사한옥박물관,서울,은평구,박물관,공립,1종,O,서울-공립12-2014-04호,서울특별시 은평구 연서로 50길 8,02-351-8556,https://museum.ep.go.kr,2014.10.07,67964.0,4388.0,788.0,71.8,1.0,matched,name_exact,1.0,109,은평역사한옥박물관,박물관,46,https://www.mcst.go.kr/site/s_policy/dept/deptView.jsp?pDataCD=0417000000&pSeq=2078&pType=
2025,2025-01-01,청계천박물관,청계천박물관,서울,성동구,박물관,공립,1종,O,서울-공립12-2008-02호,서울특별시 성동구 청계천로 530,02-2286-3410,https://museum.seoul.go.kr/cgcm/index.do,2005.09.26,147522.0,4687.0,1552.0,79.8,1.0,matched,name_exact,1.0,12,청계천박물관,박물관,47,https://www.mcst.go.kr/site/s_policy/dept/deptView.jsp?pDataCD=0417000000&pSeq=2078&pType=
2025,2025-01-01,한성백제박물관,한성백제박물관,서울,송파구,박물관,공립,1종,O,서울-공립11-2011-04호,서울특별시 송파구 위례성대로 71,02-2152-5800,https://baekjemuseum.seoul.go.kr,2012.04.30,637000.0,91167.0,2715.8,93.0,1.0,matched,name_exact,1.0,15,한성백제박물관,박물관,48,https://www.mcst.go.kr/site/s_policy/dept/deptView.jsp?pDataCD=0417000000&pSeq=2078&pType=
2025,2025-01-01,허준박물관,허준박물관,서울,강서구,박물관,공립,1종,O,서울-공립12-2005-03호,서울특별시 강서구 허준로 87,02-3661-8686,https://culture.gangseo.seoul.kr,2005.03.23,46365.0,2655.0,1522.0,68.8,1.0,matched,name_exact,1.0,103,허준박물관,박물관,49,https://www.mcst.go.kr/site/s_policy/dept/deptView.jsp?pDataCD=0417000000&pSeq=2078&pType=
2025,2025-01-01,종로구립 고희동미술관,종로구립 고희동미술관,서울,종로구,박물관,공립,2종,O,서울-공립21-2017-04호,서울특별시 종로구 창덕궁5길 40,02-741-8424,https://www.jfac.or.kr/site/main/home,2012.11.23,27383.0,337.0,83.0,45.4,1.0,matched,name_exact,1.0,108,종로구립 고희동미술관,박물관,50,https://www.mcst.go.kr/site/s_policy/dept/deptView.jsp?pDataCD=0417000000&pSeq=2078&pType=
2025,2025-01-01,G밸리산업박물관,G밸리산업박물관,서울,구로구,박물관,공립,1종,O,서울-공립12-2022-02호,서울특별시 구로구 디지털로 26길 38 G타워 3층,02-6734-6900~1,https://www.seoul.go.kr/museumg/index.do,2021.11.01,22000.0,2416.0,2151.0,60.6,1.0,matched,name_exact,1.0,127,G밸리산업박물관,박물관,51,https://www.mcst.go.kr/site/s_policy/dept/deptView.jsp?pDataCD=0417000000&pSeq=2078&pType=
2025,2025-01-01,성북근현대문학관,성북근현대문학관,서울,성북구,박물관,공립,1종,O,서울-공립12-2024-01호,서울특별시 성북구 성북로 21길 24,02-2241-1939,https://www.instagram.com/.culturalspace264?igsh=YmtiZWwwZzg5NTN2,2024.03.19,11314.0,844.0,193.637,43.5,1.0,matched,name_exact,1.0,128,성북근현대문학관,박물관,52,https://www.mcst.go.kr/site/s_policy/dept/deptView.jsp?pDataCD=0417000000&pSeq=2078&pType=
2025,2025-01-01,가회민화박물관,가회민화박물관,서울,종로구,박물관,사립,1종,O,서울-사립12-2003-05호,서울특별시 종로구 북촌로 52,02-741-0466,https://www.gahoemuseum.org,2002.07.01,26650.0,6656.0,110.0,53.9,1.0,matched,name_exact,1.0,130,가회민화박물관,박물관,54,https://www.mcst.go.kr/site/s_policy/dept/deptView.jsp?pDataCD=0417000000&pSeq=2078&pType=
2025,2025-01-01,간송박물관,간송박물관,서울,성북구,박물관,사립,1종,O,서울-사립12-2019-02호,서울특별시 성북구 성북로 102-11,02-744-7830,https://kansong.org,1938.07.05,41085.0,283.0,177.0,48.7,1.0,matched,name_exact,1.0,131,간송박물관,박물관,55,https://www.mcst.go.kr/site/s_policy/dept/deptView.jsp?pDataCD=0417000000&pSeq=2078&pType=
2025,2025-01-01,경기여자고등학교 경운박물관,경기여자고등학교 경운박물관,서울,강남구,박물관,사립,1종,O,서울-사립12-2006-02호,서울특별시 강남구 삼성로 29,02-3463-1336,https://kwmuseum.org,2003.04.15,5000.0,13187.0,339.0,44.6,1.0,matched,name_exact,1.0,749,경기여자고등학교 경운박물관,박물관,56,https://www.mcst.go.kr/site/s_policy/dept/deptView.jsp?pDataCD=0417000000&pSeq=2078&pType=
2025,2025-01-01,고촌이종근기념관,고촌이종근기념관,서울,서대문구,박물관,사립,2종,O,서울-사립21-2015-01호,서울특별시 서대문구 충정로 8,02-365-6940,https://www.kochonhall.or.kr,2013.11.12,2655.0,119.0,200.0,20.1,1.0,matched,name_exact,1.0,750,고촌이종근기념관,박물관,57,https://www.mcst.go.kr/site/s_policy/dept/deptView.jsp?pDataCD=0417000000&pSeq=2078&pType=
2025,2025-01-01,관문사성보 박물관,관문사성보 박물관,서울,서초구,박물관,사립,1종,O,서울-사립12-2006-06호,서울특별시 서초구 바우뫼로 7길111,02-3460-5300,https://www.gwanmunsa.org,2006.10.01,1000.0,900.0,270.0,23.3,1.0,matched,name_exact,1.0,751,관문사성보 박물관,박물관,58,https://www.mcst.go.kr/site/s_policy/dept/deptView.jsp?pDataCD=0417000000&pSeq=2078&pType=
2025,2025-01-01,기생충박물관,기생충박물관,서울,강서구,박물관,사립,1종,O,서울-사립12-2018-02호,서울특별시 강서구 화곡로 333,02-2601-3284,https://www.parasite.or.kr,2017.12.19,5743.0,12082.0,320.0,45.1,1.0,matched,name_exact,1.0,752,기생충박물관,박물관,59,https://www.mcst.go.kr/site/s_policy/dept/deptView.jsp?pDataCD=0417000000&pSeq=2078&pType=
2025,2025-01-01,김달진미술자료박물관,김달진미술자료박물관,서울,종로구,박물관,사립,2종,O,서울-사립21-2008-04호,서울특별시 종로구 홍지문 1길 4,02-730-6216,https://daljinmuseum.com,2008.03.19,2781.0,4096.0,88.0,30.2,1.0,matched,name_exact,1.0,132,김달진미술자료박물관,박물관,60,https://www.mcst.go.kr/site/s_policy/dept/deptView.jsp?pDataCD=0417000000&pSeq=2078&pType=
2025,2025-01-01,꼭두박물관(휴관),꼭두박물관(휴관),서울,종로구,박물관,사립,1종,O,서울-사립12-2010-05호,"서울특별시 종로구 동숭길 122, 동숭아트센터 2층",02-766-3315,https://www.kokdumuseum.com,2010.04.29,0.0,13632.0,143.0,26.7,1.0,matched,name_exact,1.0,753,꼭두박물관(휴관),박물관,61,https://www.mcst.go.kr/site/s_policy/dept/deptView.jsp?pDataCD=0417000000&pSeq=2078&pType=
2025,2025-01-01,농협 농업박물관,농업박물관,서울,중구,박물관,사립,1종,O,서울-사립12-1987-01호,서울특별시 중구 새문안로 16,02-2080-5727,https://www.agrimuseum.or.kr:472,1987.11.18,103189.0,3415.0,2753.0,73.4,1.0,matched,name_exact,1.0,53,농업박물관,박물관,62,https://www.mcst.go.kr/site/s_policy/dept/deptView.jsp?pDataCD=0417000000&pSeq=2078&pType=
2025,2025-01-01,다문화박물관,다문화박물관,서울,은평구,박물관,사립,1종,O,서울-사립12-2014-01호,서울특별시 은평구 불광로 135,02-323-6848,https://www.multiculturemuseum.com,2002.10.17,10000.0,9000.0,1046.12,51.4,1.0,matched,name_exact,1.0,754,다문화박물관,박물관,63,https://www.mcst.go.kr/site/s_policy/dept/deptView.jsp?pDataCD=0417000000&pSeq=2078&pType=
2025,2025-01-01,도산안창호기념관,도산안창호기념관,서울,강남구,박물관,사립,2종,O,서울-사립21-2001-03호,서울특별시 강남구 도산대로 45길 20,02-541-1800,https://www.ahnchangho.or.kr,1998.11.09,50265.0,6260.0,143.0,58.3,1.0,matched,name_exact,1.0,755,도산안창호기념관,박물관,64,https://www.mcst.go.kr/site/s_policy/dept/deptView.jsp?pDataCD=0417000000&pSeq=2078&pType=
2025,2025-01-01,떡박물관,떡박물관,서울,종로구,박물관,사립,1종,O,서울-사립12-2007-07호,서울특별시 종로구 돈화문로 71,02-741-5447,https://www.tkmuseum.or.kr,2002.01.19,3571.0,3155.0,461.96,38.2,1.0,matched,name_exact,1.0,756,떡박물관,박물관,65,https://www.mcst.go.kr/site/s_policy/dept/deptView.jsp?pDataCD=0417000000&pSeq=2078&pType=
2025,2025-01-01,롯데월드 민속박물관,롯데월드 민속박물관,서울,송파구,박물관,사립,1종,O,서울-사립12-1993-02호,서울특별시 송파구 올림픽로 240,02-411-4764,https://adventure.lotteworld.com/museum,1989.01.14,268633.0,778.0,3600.0,75.1,1.0,matched,name_exact,1.0,757,롯데월드 민속박물관,박물관,66,https://www.mcst.go.kr/site/s_policy/dept/deptView.jsp?pDataCD=0417000000&pSeq=2078&pType=
2025,2025-01-01,매헌윤봉길의사기념관,매헌윤봉길의사기념관,서울,서초구,박물관,사립,2종,O,서울-사립21-2020-03호,서울특별시 서초구 매헌로 99 매헌기념관,02-578-3388,https://www.yunbonggil.or.k,1988.12.01,78098.0,594.0,617.0,58.6,1.0,matched,name_exact,1.0,758,매헌윤봉길의사기념관,박물관,67,https://www.mcst.go.kr/site/s_policy/dept/deptView.jsp?pDataCD=0417000000&pSeq=2078&pType=
2025,2025-01-01,명인박물관,명인박물관,서울,종로구,박물관,사립,2종,O,서울-사립21-2008-05호,서울특별시 종로구 북촌로 6길 1,02-766-0272,,2008.03.19,963.0,700.0,90.0,17.1,1.0,matched,name_exact,1.0,759,명인박물관,박물관,68,https://www.mcst.go.kr/site/s_policy/dept/deptView.jsp?pDataCD=0417000000&pSeq=2078&pType=
2025,2025-01-01,목인박물관 목석원,목인박물관 목석원,서울,종로구,박물관,사립,1종,O,서울-사립12-2005-09호,서울특별시 종로구 창의문로 5다길 27-4,02-722-5055,https://www.mokinmuseum.com,2006.03.23,10386.0,12419.0,2038.0,55.3,1.0,matched,name_exact,1.0,133,목인박물관 목석원,박물관,69,https://www.mcst.go.kr/site/s_policy/dept/deptView.jsp?pDataCD=0417000000&pSeq=2078&pType=
2025,2025-01-01,뮤지엄김치간,뮤지엄김치간,서울,종로구,박물관,사립,1종,O,서울-사립12-1993-03호,"서울특별시 종로구 인사동길 35-4, 인사동마루 본관 4~6층",02-2088-8531,https://www.kimchikan.com,1986.09.29,36061.0,476.0,296.0,50.3,1.0,matched,name_exact,1.0,134,뮤지엄김치간,박물관,70,https://www.mcst.go.kr/site/s_policy/dept/deptView.jsp?pDataCD=0417000000&pSeq=2078&pType=
2025,2025-01-01,박을복자수박물관,박을복자수박물관,서울,강북구,박물관,사립,1종,O,서울-사립12-2010-01호,서울특별시 강북구 삼양로 149가길 53,02-990-7000,https://www.embromuseum.com,2002.05.25,1008.0,272.0,152.0,18.1,1.0,matched,name_exact,1.0,760,박을복자수박물관,박물관,71,https://www.mcst.go.kr/site/s_policy/dept/deptView.jsp?pDataCD=0417000000&pSeq=2078&pType=
2025,2025-01-01,배재학당역사박물관,배재학당역사박물관,서울,중구,박물관,사립,1종,O,서울-사립12-2008-14호,서울특별시 중구 서소문로 11길 19,02-319-5578,https://www.pcu.ac.kr/appenzeller,2008.07.24,20012.0,6704.0,633.0,55.1,1.0,matched,name_exact,1.0,761,배재학당역사박물관,박물관,72,https://www.mcst.go.kr/site/s_policy/dept/deptView.jsp?pDataCD=0417000000&pSeq=2078&pType=
2025,2025-01-01,백범김구기념관,백범김구기념관,서울,용산구,박물관,사립,1종,O,서울-사립12-2003-06호,서울특별시 용산구 임정로 26,02-799-3400,https://www.kimkoomuseum.org,2002.10.22,110096.0,796.0,1788.0,68.8,1.0,matched,name_exact,1.0,762,백범김구기념관,박물관,73,https://www.mcst.go.kr/site/s_policy/dept/deptView.jsp?pDataCD=0417000000&pSeq=2078&pType=
2025,2025-01-01,보나장신구박물관(휴관),보나장신구박물관(휴관),서울,종로구,박물관,사립,1종,O,서울-사립12-2006-01호,서울특별시 종로구 인사동 9길 9,02-732-6621,https://www.bonamuseum.com,2003.10.05,0.0,15000.0,281.0,28.6,1.0,matched,name_exact,1.0,763,보나장신구박물관(휴관),박물관,74,https://www.mcst.go.kr/site/s_policy/dept/deptView.jsp?pDataCD=0417000000&pSeq=2078&pType=
2025,2025-01-01,북촌동양문화박물관,북촌동양문화박물관,서울,종로구,박물관,사립,1종,O,서울-사립12-2009-02호,서울특별시 종로구 북촌로 11길 76,02-723-0190,https://blog.naver.com/baamuseum,2009.06.01,95151.0,8520.0,235.06,68.6,1.0,matched,name_exact,1.0,764,북촌동양문화박물관,박물관,75,https://www.mcst.go.kr/site/s_policy/dept/deptView.jsp?pDataCD=0417000000&pSeq=2078&pType=
2025,2025-01-01,북촌박물관,북촌박물관,서울,종로구,박물관,사립,2종,O,서울-사립21-2012-03호,서울특별시 종로구 북촌로 39,02-766-8402,https://bukchonmuseum.modoo.at,2012.03.08,5103.0,162.0,201.0,26.1,1.0,matched,name_exact,1.0,765,북촌박물관,박물관,76,https://www.mcst.go.kr/site/s_policy/dept/deptView.jsp?pDataCD=0417000000&pSeq=2078&pType=
2025,2025-01-01,북촌생활사박물관,북촌생활사박물관,서울,종로구,박물관,사립,1종,O,서울-사립12-2008-06호,서울특별시 종로구 북촌로 5나길 90(삼청동),02-736-3957,https://cafe.daum.net/namu3579,2003.10.01,1268.0,3742.0,117.0,27.3,1.0,matched,name_exact,1.0,766,북촌생활사박물관,박물관,77,https://www.mcst.go.kr/site/s_policy/dept/deptView.jsp?pDataCD=0417000000&pSeq=2078&pType=
2025,2025-01-01,불교중앙박물관,불교중앙박물관,서울,종로구,박물관,사립,1종,O,서울-사립12-2007-04호,서울특별시 종로구 우정국로 55,02-2011-1960,https://museum.buddhism.or.kr,2007.03.27,16242.0,12240.0,1090.0,56.9,1.0,matched,name_exact,1.0,135,불교중앙박물관,박물관,78,https://www.mcst.go.kr/site/s_policy/dept/deptView.jsp?pDataCD=0417000000&pSeq=2078&pType=
2025,2025-01-01,삼성출판박물관,삼성출판박물관,서울,종로구,박물관,사립,1종,O,서울-사립12-1993-04호,서울특별시 종로구 비봉길 2-2,02-394-6544,https://ssmop.org,1990.06.29,1079.0,100000.0,262.0,35.1,1.0,matched,name_exact,1.0,767,삼성출판박물관,박물관,79,https://www.mcst.go.kr/site/s_policy/dept/deptView.jsp?pDataCD=0417000000&pSeq=2078&pType=
2025,2025-01-01,샬트르 성바오로수녀회 역사박물관,샬트르 성바오로수녀회 역사박물관,서울,중구,박물관,사립,1종,O,서울-사립12-2005-06호,서울특별시 중구 명동길 74-2,02-3706-3255,https://spcseoul.or.kr,2004.06.26,2458.0,2755.0,227.0,32.1,1.0,matched,name_exact,1.0,768,샬트르 성바오로수녀회 역사박물관,박물관,80,https://www.mcst.go.kr/site/s_policy/dept/deptView.jsp?pDataCD=0417000000&pSeq=2078&pType=
2025,2025-01-01,서울대학교병원 의학박물관,서울대학교병원 의학박물관,서울,종로구,박물관,사립,1종,O,서울-사립12-1999-04호,서울특별시 종로구 대학로 101,02-2072-2636,https://medicalmuseum.org,1992.04.06,11027.0,4130.0,342.0,46.0,1.0,matched,name_exact,1.0,769,서울대학교병원 의학박물관,박물관,81,https://www.mcst.go.kr/site/s_policy/dept/deptView.jsp?pDataCD=0417000000&pSeq=2078&pType=
2025,2025-01-01,서울올림픽기념관(휴관),서울올림픽기념관(휴관),서울,송파구,박물관,사립,1종,O,서울-사립12-2001-08호,서울특별시 송파구 올림픽로 424,02-410-1822,https://www.88olympic.or.kr,2001.09.27,0.0,16712.0,0.0,29.4,0.67,matched,name_exact,1.0,770,서울올림픽기념관(휴관),박물관,82,https://www.mcst.go.kr/site/s_policy/dept/deptView.jsp?pDataCD=0417000000&pSeq=2078&pType=
2025,2025-01-01,세계골프역사박물관,세계골프역사박물관,서울,강남구,박물관,사립,1종,O,서울-사립12-2014-02호,서울특별시 강남구 테헤란로 528 B2,02-2192-3005,https://blog.naver.com/golfhistory,2014.03.20,1795.0,1972.0,410.0,30.0,1.0,matched,name_exact,1.0,771,세계골프역사박물관,박물관,83,https://www.mcst.go.kr/site/s_policy/dept/deptView.jsp?pDataCD=0417000000&pSeq=2078&pType=
2025,2025-01-01,세계장신구박물관,세계장신구박물관,서울,종로구,박물관,사립,1종,O,서울-사립12-2004-05호,서울특별시 종로구 북촌로5나길 2,02-730-1610,https://www.wjm.or.kr,2004.05.12,0.0,1000.0,221.0,19.0,1.0,matched,name_exact,1.0,136,세계장신구박물관,박물관,84,https://www.mcst.go.kr/site/s_policy/dept/deptView.jsp?pDataCD=0417000000&pSeq=2078&pType=
2025,2025-01-01,뮤제 쉼,뮤제 쉼,서울,종로구,박물관,사립,1종,O,서울-사립12-2007-06호,서울특별시 종로구 세검정로 209-17,02-396-9277,https://www.museeshuim.com,2007.10.17,0.0,1082.0,145.0,18.5,1.0,matched,name_exact,1.0,772,뮤제 쉼,박물관,85,https://www.mcst.go.kr/site/s_policy/dept/deptView.jsp?pDataCD=0417000000&pSeq=2078&pType=
2025,2025-01-01,신문박물관 PRESSEUM,신문박물관 PRESSEUM,서울,종로구,박물관,사립,1종,O,서울-사립12-2001-05호,서울특별시 종로구 세종대로 152 일민미술관 건물 5~6층,02-2020-1880,https://www.presseum.or.kr,2000.12.15,9170.0,4000.0,876.0,46.9,1.0,matched,name_exact,1.0,773,신문박물관 PRESSEUM,박물관,86,https://www.mcst.go.kr/site/s_policy/dept/deptView.jsp?pDataCD=0417000000&pSeq=2078&pType=
2025,2025-01-01,안중근의사기념관,안중근의사기념관,서울,중구,박물관,사립,1종,O,서울-사립12-2011-01호,서울특별시 중구 소월로 91,02-3789-1016,https://www.ahnjunggeun.or.kr,1970.10.26,136994.0,218.0,1169.0,65.0,1.0,matched,name_exact,1.0,774,안중근의사기념관,박물관,87,https://www.mcst.go.kr/site/s_policy/dept/deptView.jsp?pDataCD=0417000000&pSeq=2078&pType=
2025,2025-01-01,영인문학관,영인문학관,서울,종로구,박물관,사립,1종,O,서울-사립12-2001-01호,서울특별시 종로구 평창 30길 81,02-379-3182,https://young-in.kr,2001.04.13,1668.0,30300.0,194.1,35.9,1.0,matched,name_exact,1.0,775,영인문학관,박물관,88,https://www.mcst.go.kr/site/s_policy/dept/deptView.jsp?pDataCD=0417000000&pSeq=2078&pType=
2025,2025-01-01,우리옛돌박물관,우리옛돌박물관,서울,성북구,박물관,사립,1종,O,서울-사립12-2015-07호,서울특별시 성북구 대사관로 13길 66,02-986-1001,https://www.koreanstonemuseum.com,2015.11.11,9345.0,189.0,996.0,38.3,1.0,matched,name_exact,1.0,137,우리옛돌박물관,박물관,89,https://www.mcst.go.kr/site/s_policy/dept/deptView.jsp?pDataCD=0417000000&pSeq=2078&pType=
2025,2025-01-01,우리은행 은행사박물관,우리은행 은행사박물관,서울,중구,박물관,사립,1종,O,서울-사립12-2004-06호,"서울특별시 중구 소공로 51, 지하 1층",02-2002-5090,https://www.woorimuseum.com,2004.07.14,7078.0,14724.0,1128.72,51.6,1.0,matched,name_exact,1.0,776,우리은행 은행사박물관,박물관,90,https://www.mcst.go.kr/site/s_policy/dept/deptView.jsp?pDataCD=0417000000&pSeq=2078&pType=
2025,2025-01-01,우석뮤지엄,우석뮤지엄,서울,서대문구,박물관,사립,1종,O,서울-사립12-2014-04호,"서울특별시 서대문구 신촌로 129, 5층",02-364-8900,https://www.artreon.co.kr,2014.02.26,798.0,1411.0,268.0,23.4,1.0,matched,name_exact,1.0,777,우석뮤지엄,박물관,91,https://www.mcst.go.kr/site/s_policy/dept/deptView.jsp?pDataCD=0417000000&pSeq=2078&pType=
2025,2025-01-01,유금와당박물관,유금와당박물관,서울,종로구,박물관,사립,1종,O,서울-사립12-2008-01호,서울특별시 종로구 창의문로 11가길 4,02-394-3451,https://www.yoogeum.org,2008.03.08,2260.0,8200.0,164.0,34.7,1.0,matched,name_exact,1.0,778,유금와당박물관,박물관,92,https://www.mcst.go.kr/site/s_policy/dept/deptView.jsp?pDataCD=0417000000&pSeq=2078&pType=
2025,2025-01-01,이한열기념관,이한열기념관,서울,마포구,박물관,사립,2종,O,서울-사립21-2014-05호,서울특별시 마포구 신촌로 12나길 26,02-325-7216,https://www.leememorial.or.kr/,2005.06.09,17760.0,2302.0,104.0,42.0,1.0,matched,name_exact,1.0,779,이한열기념관,박물관,93,https://www.mcst.go.kr/site/s_policy/dept/deptView.jsp?pDataCD=0417000000&pSeq=2078&pType=
2025,2025-01-01,이화박물관,이화박물관,서울,중구,박물관,사립,1종,O,서울-사립12-2013-02호,서울특별시 중구 정동길 26,02-2175-1964,https://www.ewhamuseum.co.kr,2006.05.31,18000.0,5023.0,959.0,54.2,1.0,matched,name_exact,1.0,780,이화박물관,박물관,94,https://www.mcst.go.kr/site/s_policy/dept/deptView.jsp?pDataCD=0417000000&pSeq=2078&pType=
2025,2025-01-01,전기박물관,전기박물관,서울,서초구,박물관,사립,1종,O,서울-사립12-2001-11호,서울특별시 서초구 효령로 72길 60,02-2105-8191~2,https://www.kepco.co.kr/museum,2001.08.10,72737.0,12676.0,2706.0,75.7,1.0,matched,name_exact,1.0,781,전기박물관,박물관,95,https://www.mcst.go.kr/site/s_policy/dept/deptView.jsp?pDataCD=0417000000&pSeq=2078&pType=
2025,2025-01-01,전쟁과여성인권박물관,전쟁과여성인권박물관,서울,마포구,박물관,사립,2종,O,서울-사립21-2013-02호,서울특별시 마포구 월드컵북로 11길 20,02-392-5252,https://womenandwarmuseum.net/,2012.05.05,8798.0,21013.0,194.5,45.1,1.0,matched,name_exact,1.0,782,전쟁과여성인권박물관,박물관,96,https://www.mcst.go.kr/site/s_policy/dept/deptView.jsp?pDataCD=0417000000&pSeq=2078&pType=
2025,2025-01-01,전쟁기념관,전쟁기념관,서울,용산구,박물관,사립,1종,O,서울-사립12-1989-01호,서울특별시 용산구 이태원로 29,02-709-3114,https://www.warmemo.or.kr,1994.06.10,3074251.0,39021.0,40383.0,90.5,1.0,matched,name_exact,1.0,19,전쟁기념관,박물관,97,https://www.mcst.go.kr/site/s_policy/dept/deptView.jsp?pDataCD=0417000000&pSeq=2078&pType=
2025,2025-01-01,종이나라박물관,종이나라박물관,서울,중구,박물관,사립,1종,O,서울-사립12-2008-07호,서울특별시 중구 장충단로 166 종이나라빌딩 2층,02-2279-7901,https://www.papermuseum.or.kr,1999.12.01,11023.0,8171.0,114.0,45.9,1.0,matched,name_exact,1.0,783,종이나라박물관,박물관,98,https://www.mcst.go.kr/site/s_policy/dept/deptView.jsp?pDataCD=0417000000&pSeq=2078&pType=
2025,2025-01-01,짚풀생활사박물관,짚풀생활사박물관,서울,종로구,박물관,사립,1종,O,서울-사립12-1993-05호,서울특별시 종로구 성균관로 4길 45,02-743-8787,https://www.jipul.com,1993.01.18,3335.0,67292.0,335.0,44.4,1.0,matched,name_exact,1.0,784,짚풀생활사박물관,박물관,99,https://www.mcst.go.kr/site/s_policy/dept/deptView.jsp?pDataCD=0417000000&pSeq=2078&pType=
2025,2025-01-01,초전섬유·퀼트박물관,초전섬유·퀼트박물관,서울,중구,박물관,사립,1종,O,서울-사립12-1999-03호,서울특별시 중구 퇴계로 18길 66,02-753-4075,https://www.jculture.co.kr/museum,1998.10.27,496.0,1925.0,202.0,21.1,1.0,matched,name_exact,1.0,785,초전섬유·퀼트박물관,박물관,100,https://www.mcst.go.kr/site/s_policy/dept/deptView.jsp?pDataCD=0417000000&pSeq=2078&pType=
2025,2025-01-01,춘원당한의약박물관,춘원당한의약박물관,서울,종로구,박물관,사립,1종,O,서울-사립12-2008-12호,서울특별시 종로구 돈화문로 9길 27,02-3672-2005,https://www.cwdmuseum.com,2008.11.02,6502.0,7731.0,355.0,44.4,1.0,matched,name_exact,1.0,786,춘원당한의약박물관,박물관,101,https://www.mcst.go.kr/site/s_policy/dept/deptView.jsp?pDataCD=0417000000&pSeq=2078&pType=
2025,2025-01-01,코리아나 화장박물관,코리아나 화장박물관,서울,강남구,박물관,사립,1종,O,서울-사립12-2004-03호,서울특별시 강남구 언주로 827,02-547-9177,https://www.spacec.co.kr,2003.11.20,883.0,4896.0,358.0,28.8,1.0,matched,name_exact,1.0,787,코리아나 화장박물관,박물관,102,https://www.mcst.go.kr/site/s_policy/dept/deptView.jsp?pDataCD=0417000000&pSeq=2078&pType=
2025,2025-01-01,탄허기념불교박물관,탄허기념불교박물관,서울,강남구,박물관,사립,1종,O,서울-사립12-2010-04호,서울특별시 강남구 밤고개로14길 13-51,02-445-8486,https://www.tanheo.org/,2010.11.26,2886.0,2886.0,290.93,34.4,1.0,matched,name_exact,1.0,788,탄허기념불교박물관,박물관,103,https://www.mcst.go.kr/site/s_policy/dept/deptView.jsp?pDataCD=0417000000&pSeq=2078&pType=
2025,2025-01-01,평강성서유물박물관,평강성서유물박물관,서울,구로구,박물관,사립,1종,O,서울-사립12-1999-02호,서울특별시 구로구 오류로 8라길 44,02-2686-9496,https://www.apm.or.kr/,1998.11.07,586.0,2460.0,350.0,24.9,1.0,matched,name_exact,1.0,789,평강성서유물박물관,박물관,104,https://www.mcst.go.kr/site/s_policy/dept/deptView.jsp?pDataCD=0417000000&pSeq=2078&pType=
2025,2025-01-01,피규어뮤지엄W,피규어뮤지엄W,서울,강남구,박물관,사립,2종,O,서울-사립12-2015-08호,서울특별시 강남구 선릉로 158길 3,02-512-8865,https://www.figuremuseumw.co.kr,2015.02.28,18124.0,2000.0,339.1,44.9,1.0,matched,name_exact,1.0,790,피규어뮤지엄W,박물관,105,https://www.mcst.go.kr/site/s_policy/dept/deptView.jsp?pDataCD=0417000000&pSeq=2078&pType=
2025,2025-01-01,한국가구박물관,한국가구박물관,서울,성북구,박물관,사립,1종,O,서울-사립12-1993-10호,서울특별시 성북구 대사관로 121,02-745-0181,https://www.kofum.com,2009.09.01,540.0,2000.0,1082.0,27.3,1.0,matched,name_exact,1.0,791,한국가구박물관,박물관,106,https://www.mcst.go.kr/site/s_policy/dept/deptView.jsp?pDataCD=0417000000&pSeq=2078&pType=
2025,2025-01-01,한국광고박물관,한국광고박물관,서울,송파구,박물관,사립,1종,O,서울-사립12-2012-01호,"서울특별시 송파구 올림픽로 35길 137, 한국광고문화회관 3층",02-2144-0116,https://www.kobaco.co.kr/site/admuseum/home,2008.11.07,4832.0,45810.0,667.8,48.6,1.0,matched,name_exact,1.0,792,한국광고박물관,박물관,107,https://www.mcst.go.kr/site/s_policy/dept/deptView.jsp?pDataCD=0417000000&pSeq=2078&pType=
2025,2025-01-01,한국금융사박물관,한국금융사박물관,서울,중구,박물관,사립,1종,O,서울-사립12-2006-03호,"서울특별시 중구 세종대로 135-5(태평로1가) 3,4층",02-2151-7677,https://www.beautifulshinhan.co.kr,1997.03.01,22086.0,6635.0,802.5,57.5,1.0,matched,name_exact,1.0,793,한국금융사박물관,박물관,108,https://www.mcst.go.kr/site/s_policy/dept/deptView.jsp?pDataCD=0417000000&pSeq=2078&pType=
2025,2025-01-01,한국색동박물관,한국색동박물관,서울,종로구,박물관,사립,2종,O,서울-사립21-2015-03호,서울특별시 종로구 율곡로 10길 85-7,02-765-9286,https://www.saekdongmuseum.com,2014.03.01,350.0,1319.0,108.0,15.9,1.0,matched,name_exact,1.0,794,한국색동박물관,박물관,109,https://www.mcst.go.kr/site/s_policy/dept/deptView.jsp?pDataCD=0417000000&pSeq=2078&pType=
2025,2025-01-01,한국은행 화폐박물관,한국은행 화폐박물관,서울,중구,박물관,사립,1종,O,서울-사립12-2003-03호,서울특별시 중구 남대문로 39,02-759-4114,https://www.bok.or.kr/museum,2001.06.12,181276.0,21320.0,2265.0,83.1,1.0,matched,name_exact,1.0,52,한국은행 화폐박물관,박물관,110,https://www.mcst.go.kr/site/s_policy/dept/deptView.jsp?pDataCD=0417000000&pSeq=2078&pType=
2025,2025-01-01,한국잡지박물관,한국잡지박물관,서울,영등포구,박물관,사립,1종,O,서울-사립12-1993-08호,서울특별시 영등포구 여의대방로 67길 11 지하1층,02-360-0041,https://www.magazine.or.kr,2002.03.21,10000.0,13601.0,236.0,48.1,1.0,matched,name_exact,1.0,795,한국잡지박물관,박물관,111,https://www.mcst.go.kr/site/s_policy/dept/deptView.jsp?pDataCD=0417000000&pSeq=2078&pType=
2025,2025-01-01,한국천주교순교자박물관,한국천주교순교자박물관,서울,마포구,박물관,사립,1종,O,서울-사립12-2008-08호,서울특별시 마포구 토정로 6,02-3142-4504,https://www.jeoldusan.or.kr,1967.10.21,54934.0,5772.0,786.0,66.4,1.0,matched,name_exact,1.0,796,한국천주교순교자박물관,박물관,112,https://www.mcst.go.kr/site/s_policy/dept/deptView.jsp?pDataCD=0417000000&pSeq=2078&pType=
2025,2025-01-01,한국현대문학관(휴관),한국현대문학관(휴관),서울,중구,박물관,사립,1종,O,서울-사립12-2013-09호,서울특별시 중구 동호로 268,02-2277-4857,,1981.10.15,0.0,13680.0,363.0,29.3,1.0,matched,name_exact,1.0,797,한국현대문학관(휴관),박물관,113,https://www.mcst.go.kr/site/s_policy/dept/deptView.jsp?pDataCD=0417000000&pSeq=2078&pType=
2025,2025-01-01,한무숙문학관,한무숙문학관,서울,종로구,박물관,사립,1종,O,서울-사립12-2010-02호,서울특별시 종로구 혜화로 9길 20,02-762-3093,https://www.hahnmoosook.com,1993.02.01,2500.0,3346.0,295.0,33.7,1.0,matched,name_exact,1.0,798,한무숙문학관,박물관,114,https://www.mcst.go.kr/site/s_policy/dept/deptView.jsp?pDataCD=0417000000&pSeq=2078&pType=
2025,2025-01-01,한익환서울아트박물관,한익환서울아트박물관,서울,용산구,박물관,사립,1종,O,서울-사립12-2012-02호,서울특별시 용산구 한남대로 108,02-796-0100,https://blog.daum.net/hansam2012,2012.04.20,1165.0,526.0,103.0,20.8,1.0,matched,name_exact,1.0,799,한익환서울아트박물관,박물관,115,https://www.mcst.go.kr/site/s_policy/dept/deptView.jsp?pDataCD=0417000000&pSeq=2078&pType=
2025,2025-01-01,혜곡최순우기념관,혜곡최순우기념관,서울,성북구,박물관,사립,2종,O,서울-사립21-2006-07호,서울특별시 성북구 성북로 15길 9,02-3675-3401,https://ntculture.or.kr,2004.04.10,12975.0,2072.0,82.0,39.3,1.0,matched,name_exact,1.0,138,혜곡최순우기념관,박물관,116,https://www.mcst.go.kr/site/s_policy/dept/deptView.jsp?pDataCD=0417000000&pSeq=2078&pType=
2025,2025-01-01,호림박물관 신림본관,호림박물관 신림본관,서울,관악구,박물관,사립,1종,O,서울-사립12-1993-06호,서울특별시 관악구 남부순환로 152길 53,02-858-2500,https://www.horimmuseum.org,1982.10.20,1622.0,18131.0,4623.0,43.3,1.0,matched,name_exact,1.0,800,호림박물관 신림본관,박물관,117,https://www.mcst.go.kr/site/s_policy/dept/deptView.jsp?pDataCD=0417000000&pSeq=2078&pType=
2025,2025-01-01,화정박물관,화정박물관,서울,종로구,박물관,사립,1종,O,서울-사립12-1999-06호,서울특별시 종로구 평창 8길 3,02-2075-0114,https://www.hjmuseum.org,1999.09.16,1468.0,9493.0,2760.0,39.8,1.0,matched,name_exact,1.0,801,화정박물관,박물관,119,https://www.mcst.go.kr/site/s_policy/dept/deptView.jsp?pDataCD=0417000000&pSeq=2078&pType=
2025,2025-01-01,성재전통건축박물관,성재전통건축박물관,서울,종로구,박물관,사립,2종,O,서울-사립21-2023-01호,서울특별시 종로구 창덕궁 1가길 19,02-742-1311,,2016.03.23,12000.0,66.0,159.0,29.2,1.0,matched,name_exact,1.0,802,성재전통건축박물관,박물관,120,https://www.mcst.go.kr/site/s_policy/dept/deptView.jsp?pDataCD=0417000000&pSeq=2078&pType=
2025,2025-01-01,독도체험관,독도체험관,서울,영등포구,박물관,사립,1종,O,서울-사립12-2023-01호,서울특별시 영등포구 영중로 15 타임스퀘어 B2,02-2068-6101,https://dokdomuseum.nahf.or.kr,2012.09.14,211664.0,320.0,1058.76,68.1,1.0,matched,name_exact,1.0,803,독도체험관,박물관,121,https://www.mcst.go.kr/site/s_policy/dept/deptView.jsp?pDataCD=0417000000&pSeq=2078&pType=
2025,2025-01-01,오디움(Audeum),오디움(Audeum),서울,서초구,박물관,사립,1종,O,서울-사립12-2024-01호,서울특별시 서초구 헌릉로 8길 6,02.574.5175,https://audeum.org,2024.06.05,18000.0,350.0,1719.56,47.8,1.0,matched,name_exact,1.0,804,오디움(Audeum),박물관,122,https://www.mcst.go.kr/site/s_policy/dept/deptView.jsp?pDataCD=0417000000&pSeq=2078&pType=
2025,2025-01-01,건국대학교 박물관,건국대학교 박물관,서울,광진구,박물관,대학,1종,O,서울-대학11-2001-07호,서울특별시 광진구 능동로 120,02-450-3881,https://museum.konkuk.ac.kr,1963.03.01,50907.0,13721.0,331.0,68.3,1.0,matched,name_exact,1.0,805,건국대학교 박물관,박물관,124,https://www.mcst.go.kr/site/s_policy/dept/deptView.jsp?pDataCD=0417000000&pSeq=2078&pType=
2025,2025-01-01,경희대학교 자연사박물관,경희대학교 자연사박물관,서울,동대문구,박물관,대학,1종,O,서울-대학11-2005-05호,서울특별시 동대문구 경희대로 26 경희대학교 자연사박물관,02-961-0142,https://nhm.khu.ac.kr,1978.06.13,11450.0,64660.0,1580.0,60.0,1.0,matched,name_exact,1.0,806,경희대학교 자연사박물관,박물관,125,https://www.mcst.go.kr/site/s_policy/dept/deptView.jsp?pDataCD=0417000000&pSeq=2078&pType=
2025,2025-01-01,경희대학교 중앙박물관,경희대학교 중앙박물관,서울,동대문구,박물관,대학,1종,O,서울-대학11-2001-04호,서울특별시 동대문구 경희대로 26,02-961-0141,https://museum.khu.ac.kr,1955.10.01,4500.0,6472.0,1140.0,47.8,1.0,matched,name_exact,1.0,807,경희대학교 중앙박물관,박물관,126,https://www.mcst.go.kr/site/s_policy/dept/deptView.jsp?pDataCD=0417000000&pSeq=2078&pType=
2025,2025-01-01,경희대학교 한의학역사박물관,경희대학교 한의학역사박물관,서울,동대문구,박물관,대학,1종,O,서울-대학12-2007-05호,서울특별시 동대문구 경희대로 26 경희대학교 168호 한의학역사박물관,02-961-2274,,2000.03.02,1000.0,1980.0,215.1,26.8,1.0,matched,name_exact,1.0,808,경희대학교 한의학역사박물관,박물관,127,https://www.mcst.go.kr/site/s_policy/dept/deptView.jsp?pDataCD=0417000000&pSeq=2078&pType=
2025,2025-01-01,고려대학교박물관,고려대학교박물관,서울,성북구,박물관,대학,1종,O,서울-대학12-2001-02호,서울특별시 성북구 안암로 145,02-3290-1517,https://museum.korea.ac.kr,1934,33080.0,104105.0,3041.0,71.9,1.0,matched,name_exact,1.0,47,고려대학교박물관,박물관,128,https://www.mcst.go.kr/site/s_policy/dept/deptView.jsp?pDataCD=0417000000&pSeq=2078&pType=
2025,2025-01-01,국민대학교 명원박물관,국민대학교 명원박물관,서울,성북구,박물관,대학,1종,O,서울-대학11-2000-01호,서울특별시 성북구 정릉로 9길68,02-909-4210,https://museum.kookmin.ac.kr,1973.07.05,2460.0,15292.0,722.8,44.3,1.0,matched,name_exact,1.0,809,국민대학교 명원박물관,박물관,129,https://www.mcst.go.kr/site/s_policy/dept/deptView.jsp?pDataCD=0417000000&pSeq=2078&pType=
2025,2025-01-01,덕성여자대학교박물관,덕성여자대학교박물관,서울,도봉구,박물관,대학,1종,O,서울-대학11-2007-02호,서울특별시 도봉구 삼양로 144길 33,02-901-8132,https://museum.duksung.ac.kr,1971.05.03,5200.0,3400.0,643.0,44.2,1.0,matched,name_exact,1.0,810,덕성여자대학교박물관,박물관,130,https://www.mcst.go.kr/site/s_policy/dept/deptView.jsp?pDataCD=0417000000&pSeq=2078&pType=
2025,2025-01-01,동국대학교박물관,동국대학교박물관,서울,중구,박물관,대학,1종,O,서울-대학11-2001-06호,서울특별시 중구 필동로 1길 30,02-2260-3723,https://dgumuseum.dongguk.edu,1963.09.01,4582.0,8000.0,371.0,44.7,1.0,matched,name_exact,1.0,811,동국대학교박물관,박물관,131,https://www.mcst.go.kr/site/s_policy/dept/deptView.jsp?pDataCD=0417000000&pSeq=2078&pType=
2025,2025-01-01,동덕여자대학교 박물관,동덕여자대학교 박물관,서울,성북구,박물관,대학,1종,O,서울-대학12-2020-02호,서울특별시 성북구 화랑로 13길 60 (하월곡동),02-940-4232,https://dongdukrenaissancehall.com,1977.05.27,568.0,3002.0,751.0,29.7,1.0,matched,name_exact,1.0,812,동덕여자대학교 박물관,박물관,132,https://www.mcst.go.kr/site/s_policy/dept/deptView.jsp?pDataCD=0417000000&pSeq=2078&pType=
2025,2025-01-01,삼육대학교 박물관,삼육대학교 박물관,서울,노원구,박물관,대학,1종,O,서울-대학12-2013-03호,서울특별시 노원구 화랑로 815,02-3355-3065,https://www.syu.ac.kr/museum,2000.10.10,7000.0,6400.0,1218.0,50.9,1.0,matched,name_exact,1.0,813,삼육대학교 박물관,박물관,133,https://www.mcst.go.kr/site/s_policy/dept/deptView.jsp?pDataCD=0417000000&pSeq=2078&pType=
2025,2025-01-01,상명대학교박물관,상명대학교박물관,서울,종로구,박물관,대학,1종,O,서울-대학12-2003-01호,서울특별시 종로구 평창문화로 151,02-781-7923,https://museum.smu.ac.kr,1967,2231.0,3645.0,1024.0,38.7,1.0,matched,name_exact,1.0,814,상명대학교박물관,박물관,134,https://www.mcst.go.kr/site/s_policy/dept/deptView.jsp?pDataCD=0417000000&pSeq=2078&pType=
2025,2025-01-01,서울대학교 치의학대학원 치의학박물관(휴관),서울대학교 치의학대학원 치의학박물관(휴관),서울,종로구,박물관,대학,1종,O,서울-대학12-2008-10호,서울특별시 종로구 대학로 103,02-740-8799,,2001.12.28,0.0,6000.0,252.0,26.9,1.0,matched,name_exact,1.0,815,서울대학교 치의학대학원 치의학박물관(휴관),박물관,135,https://www.mcst.go.kr/site/s_policy/dept/deptView.jsp?pDataCD=0417000000&pSeq=2078&pType=
2025,2025-01-01,서울대학교박물관,서울대학교박물관,서울,관악구,박물관,대학,1종,O,서울-대학11-2000-03호,서울특별시 관악구 관악로 1,02-880-5333,https://museum.snu.ac.kr,1946.10.15,35319.0,8089.0,1675.11,67.2,1.0,matched,name_exact,1.0,816,서울대학교박물관,박물관,136,https://www.mcst.go.kr/site/s_policy/dept/deptView.jsp?pDataCD=0417000000&pSeq=2078&pType=
2025,2025-01-01,서울시립대학교 박물관,서울시립대학교 박물관,서울,동대문구,박물관,대학,1종,O,서울-대학12-2008-09호,서울특별시 동대문구 서울시립대로 163 서울시립대학교 박물관,02-6490-6586~8,,1984.09.04,3080.0,9612.0,811.0,45.0,1.0,matched,name_exact,1.0,817,서울시립대학교 박물관,박물관,137,https://www.mcst.go.kr/site/s_policy/dept/deptView.jsp?pDataCD=0417000000&pSeq=2078&pType=
2025,2025-01-01,서울여자대학교 박물관,서울여자대학교 박물관,서울,노원구,박물관,대학,1종,O,서울-대학12-2009-01호,서울특별시 노원구 화랑로 621,02-970-5311,https://museum.swu.ac.kr,1998.09.01,3100.0,4001.0,409.0,39.8,1.0,matched,name_exact,1.0,818,서울여자대학교 박물관,박물관,138,https://www.mcst.go.kr/site/s_policy/dept/deptView.jsp?pDataCD=0417000000&pSeq=2078&pType=
2025,2025-01-01,성균관대학교박물관,성균관대학교박물관,서울,종로구,박물관,대학,1종,O,서울-대학11-2000-05호,서울특별시 종로구 성균관로 25-2,02-760-1216,https://swb.skku.edu/museum,1964.06.22,8500.0,6484.0,1150.0,52.1,1.0,matched,name_exact,1.0,819,성균관대학교박물관,박물관,139,https://www.mcst.go.kr/site/s_policy/dept/deptView.jsp?pDataCD=0417000000&pSeq=2078&pType=
2025,2025-01-01,성신여자대학교박물관,성신여자대학교박물관,서울,성북구,박물관,대학,1종,O,서울-대학11-2000-04호,서울특별시 성북구 보문로 34다길 2 행정관 3층,02-920-7324,https://museum.sungshin.ac.kr,1966.09.01,1876.0,3700.0,1303.0,38.8,1.0,matched,name_exact,1.0,820,성신여자대학교박물관,박물관,140,https://www.mcst.go.kr/site/s_policy/dept/deptView.jsp?pDataCD=0417000000&pSeq=2078&pType=
2025,2025-01-01,성신여자대학교 자연사박물관,성신여자대학교 자연사박물관,서울,강북구,박물관,대학,1종,O,서울-대학12-2017-05호,서울특별시 강북구 도봉로 76가길 55 A동 지하 1층,02-920-2057,https://museum.sungshin.ac.kr,2011.11.23,1650.0,340000.0,525.0,42.0,1.0,matched,name_exact,1.0,821,성신여자대학교 자연사박물관,박물관,141,https://www.mcst.go.kr/site/s_policy/dept/deptView.jsp?pDataCD=0417000000&pSeq=2078&pType=
2025,2025-01-01,성신여자대학교 정원박광훈복식박물관,성신여자대학교 정원박광훈복식박물관,서울,강북구,박물관,대학,1종,O,서울-대학12-2017-06호,서울특별시 강북구 도봉로 76가길 55 A동 1층,02-920-2657,https://museum.sungshin.ac.kr,2011.11.23,1654.0,966.0,545.0,30.7,1.0,matched,name_exact,1.0,822,성신여자대학교 정원박광훈복식박물관,박물관,142,https://www.mcst.go.kr/site/s_policy/dept/deptView.jsp?pDataCD=0417000000&pSeq=2078&pType=
2025,2025-01-01,세종대학교 박물관(휴관),세종대학교 박물관(휴관),서울,광진구,박물관,대학,1종,O,서울-대학11-2001-09호,서울특별시 광진구 능동로 209,02-3408-3876,https://museum.sejong.ac.kr,1973.05.05,0.0,5163.0,3968.0,34.1,1.0,matched,name_exact,1.0,823,세종대학교 박물관(휴관),박물관,143,https://www.mcst.go.kr/site/s_policy/dept/deptView.jsp?pDataCD=0417000000&pSeq=2078&pType=
2025,2025-01-01,숙명여자대학교박물관,숙명여자대학교박물관,서울,용산구,박물관,대학,1종,O,서울-대학12-2004-04호,서울특별시 용산구 청파로 47길 100,02-710-9134,https://www.home.sookmyung.ac.kr/museum/index.do,2004.05.11,1969.0,11240.0,506.0,39.8,1.0,matched,name_exact,1.0,48,숙명여자대학교박물관,박물관,144,https://www.mcst.go.kr/site/s_policy/dept/deptView.jsp?pDataCD=0417000000&pSeq=2078&pType=
2025,2025-01-01,숙명여자대학교 정영양자수박물관,숙명여자대학교 정영양자수박물관,서울,용산구,박물관,대학,1종,O,서울-대학11-2000-02호,서울특별시 용산구 청파로 47길 100,02-710-9134,https://home.sookmyung.ac.kr/sites/chungyoungyang/index.do,1971.06.10,1634.0,1012.0,473.0,30.1,1.0,matched,name_exact,1.0,824,숙명여자대학교 정영양자수박물관,박물관,145,https://www.mcst.go.kr/site/s_policy/dept/deptView.jsp?pDataCD=0417000000&pSeq=2078&pType=
2025,2025-01-01,숭실대학교 한국기독교박물관,숭실대학교 한국기독교박물관,서울,동작구,박물관,대학,1종,O,서울-대학12-2015-02호,서울특별시 동작구 상도로 369,02-820-0752,https://museum.ssu.ac.kr,1967.10.10,27518.0,10914.0,1515.0,65.9,1.0,matched,name_exact,1.0,825,숭실대학교 한국기독교박물관,박물관,146,https://www.mcst.go.kr/site/s_policy/dept/deptView.jsp?pDataCD=0417000000&pSeq=2078&pType=
2025,2025-01-01,연세대학교박물관,연세대학교박물관,서울,서대문구,박물관,대학,1종,O,서울-대학11-2005-08호,서울특별시 서대문구 연세로 50 연세대학교 백주년기념관 내,02-2123-3340,https://museum.yonsei.ac.kr,1988.05.12,42900.0,152609.0,1884.0,74.1,1.0,matched,name_exact,1.0,46,연세대학교박물관,박물관,147,https://www.mcst.go.kr/site/s_policy/dept/deptView.jsp?pDataCD=0417000000&pSeq=2078&pType=
2025,2025-01-01,이화여자대학교박물관,이화여자대학교박물관,서울,서대문구,박물관,대학,1종,O,서울-대학11-2000-06호,서울특별시 서대문구 이화여대길 52,02-3277-3152,https://museum.ewha.ac.kr,1935.04.06,19267.0,23664.0,2137.1,64.3,1.0,matched,name_exact,1.0,44,이화여자대학교박물관,박물관,148,https://www.mcst.go.kr/site/s_policy/dept/deptView.jsp?pDataCD=0417000000&pSeq=2078&pType=
2025,2025-01-01,이화여자대학교 자연사박물관,이화여자대학교 자연사박물관,서울,서대문구,박물관,대학,1종,O,서울-대학11-2001-10호,서울특별시 서대문구 이화여대길 52,02-3277-4700,https://nhm.ewha.ac.kr,1969.11.20,11701.0,242835.0,953.0,58.7,1.0,matched,name_exact,1.0,45,이화여자대학교 자연사박물관,박물관,149,https://www.mcst.go.kr/site/s_policy/dept/deptView.jsp?pDataCD=0417000000&pSeq=2078&pType=
2025,2025-01-01,한양대학교박물관,한양대학교박물관,서울,성동구,박물관,대학,1종,O,서울-대학11-2003-04호,서울특별시 성동구 왕십리로 222,02-2220-1394~6,https://museumuf.hanyang.ac.kr,1978.12.01,61303.0,31802.0,1860.0,77.4,1.0,matched,name_exact,1.0,152,한양대학교박물관,박물관,150,https://www.mcst.go.kr/site/s_policy/dept/deptView.jsp?pDataCD=0417000000&pSeq=2078&pType=
2025,2025-01-01,홍익대학교박물관,홍익대학교박물관,서울,마포구,박물관,대학,1종,O,서울-대학12-2012-04호,서울특별시 마포구 와우산로 95 홍익대학교 문헌관 3층,02-320-1323,https://museum.hongik.ac.kr,1967.02.01,1277.0,5240.0,243.0,31.9,1.0,matched,name_exact,1.0,826,홍익대학교박물관,박물관,151,https://www.mcst.go.kr/site/s_policy/dept/deptView.jsp?pDataCD=0417000000&pSeq=2078&pType=
2025,2025-01-01,DDP디자인뮤지엄,DDP디자인뮤지엄,서울,중구,미술관,공립,1종,O,서울-공립13-2020-01호,서울특별시 중구 을지로 281,02-2153-0066,https://www.ddp.or.kr,2020.02.17,855433.0,7024.0,1557.0,88.0,1.0,matched,name_exact,1.0,129,DDP디자인뮤지엄,미술관,16,https://www.mcst.go.kr/site/s_policy/dept/deptView.jsp?pDataCD=0417000000&pSeq=2078&pType=
2025,2025-01-01,겸재정선미술관,겸재정선미술관,서울,강서구,미술관,공립,1종,O,서울-공립13-2014-03호,서울특별시 강서구 양천로 47길 36,02-2659-2206,https://www.culture.gangseo.seoul.kr,2009.04.23,41575.0,446.0,606.0,58.0,1.0,matched,name_exact,1.0,102,겸재정선미술관,미술관,17,https://www.mcst.go.kr/site/s_policy/dept/deptView.jsp?pDataCD=0417000000&pSeq=2078&pType=
2025,2025-01-01,서울시립미술관,서울시립미술관,서울,중구,미술관,공립,1종,O,서울-공립13-1999-01호,서울특별시 중구 덕수궁길 61,02-2124-8817,https://sema.seoul.go.kr,1988.08.19,1918799.0,6158.0,3283.3900000000003,89.3,1.0,matched,domain_name,1.54,157,서울시립미술관,미술관,18,https://www.mcst.go.kr/site/s_policy/dept/deptView.jsp?pDataCD=0417000000&pSeq=2078&pType=
2025,2025-01-01,성북구립미술관,성북구립미술관,서울,성북구,미술관,공립,2종,O,서울-공립21-2010-07호,서울특별시 성북구 성북로 134,02-6925-5011,https://sma.sbculture.or.kr/sma,2009.11.29,24020.0,4715.0,222.0,53.6,1.0,matched,name_exact,1.0,104,성북구립미술관,미술관,19,https://www.mcst.go.kr/site/s_policy/dept/deptView.jsp?pDataCD=0417000000&pSeq=2078&pType=
2025,2025-01-01,종로구립 박노수미술관,종로구립 박노수미술관,서울,종로구,미술관,공립,1종,O,서울-공립13-2013-07호,서울특별시 종로구 옥인1길 34,02-2148-4171,https://www.jfac.or.kr/site/main/content/parkns01,2013.08.13,28426.0,998.0,191.0,53.4,1.0,matched,name_exact,1.0,107,종로구립 박노수미술관,미술관,20,https://www.mcst.go.kr/site/s_policy/dept/deptView.jsp?pDataCD=0417000000&pSeq=2078&pType=
2025,2025-01-01,JCC아트센터,JCC아트센터,서울,종로구,미술관,사립,1종,O,서울-사립13-2016-01호,서울특별시 종로구 창경궁로 35길 29,02-2138-7373,https://www.jeijcc.org,2015.10.27,4000.0,188.0,121.0,26.7,1.0,matched,name_exact,1.0,962,JCC아트센터,미술관,22,https://www.mcst.go.kr/site/s_policy/dept/deptView.jsp?pDataCD=0417000000&pSeq=2078&pType=
2025,2025-01-01,K현대미술관,K현대미술관,서울,강남구,미술관,사립,2종,O,서울-사립21-2017-02호,서울특별시 강남구 선릉로 807,02-2138-0952,https://www.kmcaseoul.org,2017.01.16,356000.0,1760.0,3734.0,75.7,1.0,matched,name_exact,1.0,142,K현대미술관,미술관,23,https://www.mcst.go.kr/site/s_policy/dept/deptView.jsp?pDataCD=0417000000&pSeq=2078&pType=
2025,2025-01-01,OCI미술관,OCI미술관,서울,종로구,미술관,사립,1종,O,서울-사립13-2011-03호,서울특별시 종로구 우정국로 45-14,02-734-0440,https://ocimuseum.org,2010.08.17,4363.0,100.0,1571.28,32.8,1.0,matched,name_exact,1.0,141,OCI미술관,미술관,24,https://www.mcst.go.kr/site/s_policy/dept/deptView.jsp?pDataCD=0417000000&pSeq=2078&pType=
2025,2025-01-01,금호미술관,금호미술관,서울,종로구,미술관,사립,1종,O,서울-사립13-1996-02호,서울특별시 종로구 삼청로 18,02-720-5114,https://www.kumhomuseum.com,1996.11.22,9235.0,818.0,727.0,42.0,1.0,matched,name_exact,1.0,36,금호미술관,미술관,25,https://www.mcst.go.kr/site/s_policy/dept/deptView.jsp?pDataCD=0417000000&pSeq=2078&pType=
2025,2025-01-01,김세중미술관,김세중미술관,서울,용산구,미술관,사립,2종,O,서울-사립21-2017-07호,서울특별시 용산구 효창원로 70길 35,02-717-5129,https://www.kimsechoong.com,2015.07.14,2111.0,110.0,362.0,19.0,1.0,matched,name_exact,1.0,148,김세중미술관,미술관,26,https://www.mcst.go.kr/site/s_policy/dept/deptView.jsp?pDataCD=0417000000&pSeq=2078&pType=
2025,2025-01-01,대림미술관,대림미술관,서울,종로구,미술관,사립,1종,O,서울-사립13-1996-03호,서울특별시 종로구 자하문로 4길 21,02-720-0667,https://www.daelimmuseum.org,1996.05.21,95082.0,236.0,897.2,61.2,1.0,matched,name_exact,1.0,32,대림미술관,미술관,27,https://www.mcst.go.kr/site/s_policy/dept/deptView.jsp?pDataCD=0417000000&pSeq=2078&pType=
2025,2025-01-01,롯데뮤지엄,롯데뮤지엄,서울,송파구,미술관,사립,1종,O,서울-사립13-2022-02호,서울특별시 송파구 올림픽로 300 롯데월드타워 7층,1544-7744,https://www.lottemuseum.com,2018.01.25,84091.0,206.0,1129.6,60.8,1.0,matched,name_exact,1.0,143,롯데뮤지엄,미술관,29,https://www.mcst.go.kr/site/s_policy/dept/deptView.jsp?pDataCD=0417000000&pSeq=2078&pType=
2025,2025-01-01,리움미술관,리움미술관,서울,용산구,미술관,사립,1종,O,서울-사립13-2004-07호,서울특별시 용산구 이태원로 55길 60-16,02-2014-6900,https://www.leeum.org,2004.10.13,391414.0,10137.0,3284.0,85.3,1.0,matched,name_exact,1.0,29,리움미술관,미술관,30,https://www.mcst.go.kr/site/s_policy/dept/deptView.jsp?pDataCD=0417000000&pSeq=2078&pType=
2025,2025-01-01,밀알미술관,밀알미술관,서울,강남구,미술관,사립,1종,O,서울-사립13-1999-05호,서울특별시 강남구 일원로 90,02-3412-0061,https://www.milalmuseum.or.kr,1999.07.30,14265.0,1040.0,300.0,43.7,1.0,matched,name_exact,1.0,963,밀알미술관,미술관,31,https://www.mcst.go.kr/site/s_policy/dept/deptView.jsp?pDataCD=0417000000&pSeq=2078&pType=
2025,2025-01-01,사비나미술관,사비나미술관,서울,은평구,미술관,사립,1종,O,서울-사립13-2002-04호,서울특별시 은평구 진관1로 93,02-736-4371,https://www.savinamuseum.com,1996.03.04,12000.0,400.0,1740.0,45.0,1.0,matched,name_exact,1.0,39,사비나미술관,미술관,32,https://www.mcst.go.kr/site/s_policy/dept/deptView.jsp?pDataCD=0417000000&pSeq=2078&pType=
2025,2025-01-01,상원미술관(휴관),상원미술관(휴관),서울,종로구,미술관,사립,1종,O,서울-사립13-2005-04호,서울특별시 종로구 평창31길 27,02-396-3185,https://www.imageroot.co.kr,2003.09.23,0.0,322.0,219.0,15.0,1.0,matched,name_exact,1.0,964,상원미술관(휴관),미술관,33,https://www.mcst.go.kr/site/s_policy/dept/deptView.jsp?pDataCD=0417000000&pSeq=2078&pType=
2025,2025-01-01,서울서예박물관,서울서예박물관,서울,서초구,미술관,사립,1종,O,서울-사립13-2002-01호,서울특별시 서초구 남부순환로 2406,1668-1352,https://www.sac.or.kr,1988.02.15,88482.0,807.0,1423.0,66.4,1.0,matched,name_exact,1.0,965,서울서예박물관,미술관,34,https://www.mcst.go.kr/site/s_policy/dept/deptView.jsp?pDataCD=0417000000&pSeq=2078&pType=
2025,2025-01-01,성곡미술관,성곡미술관,서울,종로구,미술관,사립,1종,O,서울-사립13-1995-02호,서울특별시 종로구 경희궁길 42,02-737-7650,https://www.sungkokmuseum.org,1995.11.08,56195.0,307.0,1108.62,58.4,1.0,matched,name_exact,1.0,37,성곡미술관,미술관,35,https://www.mcst.go.kr/site/s_policy/dept/deptView.jsp?pDataCD=0417000000&pSeq=2078&pType=
2025,2025-01-01,세종문화회관 미술관,세종문화회관 미술관,서울,종로구,미술관,사립,2종,O,서울-사립21-2015-09호,서울특별시 종로구 세종대로 175,02-399-1114,https://www.sejongpac.or.kr,1978.04.14,150558.0,64.0,5478.0,61.7,1.0,matched,name_exact,1.0,144,세종문화회관 미술관,미술관,36,https://www.mcst.go.kr/site/s_policy/dept/deptView.jsp?pDataCD=0417000000&pSeq=2078&pType=
2025,2025-01-01,세화미술관,세화미술관,서울,종로구,미술관,사립,1종,O,서울-사립13-2017-01호,서울특별시 종로구 새문안로 68,02-2002-7789,https://www.sehwamuseum.org,2017.10.30,17810.0,108.0,1124.8,42.3,1.0,matched,name_exact,1.0,145,세화미술관,미술관,37,https://www.mcst.go.kr/site/s_policy/dept/deptView.jsp?pDataCD=0417000000&pSeq=2078&pType=
2025,2025-01-01,소마미술관,소마미술관,서울,송파구,미술관,사립,1종,O,서울-사립13-1998-02호,서울특별시 송파구 올림픽로 424,02-425-1077,https://www.soma.kspo.or.kr,2004.09.16 2018.09.14,53183.0,518.0,2412.0,62.1,1.0,matched,name_exact,1.0,28,소마미술관,미술관,38,https://www.mcst.go.kr/site/s_policy/dept/deptView.jsp?pDataCD=0417000000&pSeq=2078&pType=
2025,2025-01-01,아라리오뮤지엄 인 스페이스,아라리오뮤지엄 인 스페이스,서울,종로구,미술관,사립,1종,O,서울-사립13-2014-08호,서울특별시 종로구 율곡로 83,02-736-5700,https://www.arariomuseum.org,2014.09.01,22480.0,113.0,919.0,44.9,1.0,matched,name_exact,1.0,146,아라리오뮤지엄 인 스페이스,미술관,39,https://www.mcst.go.kr/site/s_policy/dept/deptView.jsp?pDataCD=0417000000&pSeq=2078&pType=
2025,2025-01-01,아르코미술관,아르코미술관,서울,종로구,미술관,사립,1종,O,서울-사립13-2006-05호,서울특별시 종로구 동숭길 3 한국문화예술진흥원,02-760-4850,https://www.arko.or.kr,1979.05.21,58268.0,423.0,715.5,58.9,1.0,matched,name_exact,1.0,35,아르코미술관,미술관,40,https://www.mcst.go.kr/site/s_policy/dept/deptView.jsp?pDataCD=0417000000&pSeq=2078&pType=
2025,2025-01-01,아모레퍼시픽미술관,아모레퍼시픽미술관,서울,용산구,미술관,사립,1종,O,서울-사립13-2018-01호,서울특별시 용산구 한강대로 100,02-6040-2345,https://apma.amorepacific.com,2018.02.23,90000.0,180.0,3122.0,63.3,1.0,matched,name_exact,1.0,30,아모레퍼시픽미술관,미술관,41,https://www.mcst.go.kr/site/s_policy/dept/deptView.jsp?pDataCD=0417000000&pSeq=2078&pType=
2025,2025-01-01,아트선재센터,아트선재센터,서울,종로구,미술관,사립,1종,O,서울-사립13-1995-01호,서울특별시 종로구 율곡로 3길 87,02-733-8949,https://www.artsonje.org,1998.07.04,46000.0,103.0,1276.0,53.9,1.0,matched,name_exact,1.0,33,아트선재센터,미술관,42,https://www.mcst.go.kr/site/s_policy/dept/deptView.jsp?pDataCD=0417000000&pSeq=2078&pType=
2025,2025-01-01,아트센터나비미술관,아트센터나비미술관,서울,종로구,미술관,사립,1종,O,서울-사립13-1992-01호,서울특별시 종로구 종로26 SK서린빌딩 4층,02-2121-1031,https://www.nabi.or.kr,2000.12.20,20000.0,465.0,432.0,44.7,1.0,matched,name_exact,1.0,147,아트센터나비미술관,미술관,43,https://www.mcst.go.kr/site/s_policy/dept/deptView.jsp?pDataCD=0417000000&pSeq=2078&pType=
2025,2025-01-01,유리지공예관,유리지공예관,서울,서초구,미술관,사립,1종,O,서울-사립13-2005-07호,서울특별시 서초구 중앙로 555,02-578-6663,https://yoolizzycraftmuseum.org,2004.10.08,540.0,68.0,254.0,12.2,1.0,matched,name_exact,1.0,966,유리지공예관,미술관,44,https://www.mcst.go.kr/site/s_policy/dept/deptView.jsp?pDataCD=0417000000&pSeq=2078&pType=
2025,2025-01-01,일민미술관,일민미술관,서울,종로구,미술관,사립,1종,O,서울-사립13-1996-04호,서울특별시 종로구 세종대로 152,02-2020-2050,https://www.ilmin.org,1994.07.19,21499.0,337.0,958.47,47.2,1.0,matched,name_exact,1.0,34,일민미술관,미술관,45,https://www.mcst.go.kr/site/s_policy/dept/deptView.jsp?pDataCD=0417000000&pSeq=2078&pType=
2025,2025-01-01,자하미술관,자하미술관,서울,종로구,미술관,사립,1종,O,서울-사립13-2010-06호,서울특별시 종로구 창의문로 5가길 46,02-395-3222,https://www.zahamuseum.org,2008.03.01,7410.0,3000.0,712.0,44.2,1.0,matched,name_exact,1.0,139,자하미술관,미술관,46,https://www.mcst.go.kr/site/s_policy/dept/deptView.jsp?pDataCD=0417000000&pSeq=2078&pType=
2025,2025-01-01,(재)한원미술관,한원미술관,서울,서초구,미술관,사립,1종,O,서울-사립13-1993-07호,서울특별시 서초구 남부순환로 2423 한원빌딩 B1,02-588-5642,https://www.hanwon.org,1993.12.16,3170.0,353.0,361.0,29.9,1.0,matched,name_exact,1.0,183,한원미술관,미술관,47,https://www.mcst.go.kr/site/s_policy/dept/deptView.jsp?pDataCD=0417000000&pSeq=2078&pType=
2025,2025-01-01,코리아나미술관,코리아나미술관 스페이스씨,서울,강남구,미술관,사립,1종,O,서울-사립13-2006-08호,서울특별시 강남구 언주로 827,02-547-9177,https://www.spacec.co.kr,2003.11.20,2244.0,700.0,641.0,30.7,1.0,matched,name_exact,1.0,40,코리아나미술관 스페이스씨,미술관,48,https://www.mcst.go.kr/site/s_policy/dept/deptView.jsp?pDataCD=0417000000&pSeq=2078&pType=
2025,2025-01-01,토탈미술관,토탈미술관,서울,종로구,미술관,사립,1종,O,서울-사립13-2006-09호,서울특별시 종로구 평창 32길 8,02-379-7037,https://totalmuseum.org,1986.10.26,2876.0,136.0,561.0,27.2,1.0,matched,name_exact,1.0,140,토탈미술관,미술관,49,https://www.mcst.go.kr/site/s_policy/dept/deptView.jsp?pDataCD=0417000000&pSeq=2078&pType=
2025,2025-01-01,포스코미술관,포스코미술관,서울,강남구,미술관,사립,1종,O,서울-사립13-1998-01호,서울특별시 강남구 테헤란로 440 지하1층,02-3457-1665,https://www.poscoartmuseum.org,1998.02.13,24694.0,326.0,691.0,48.2,1.0,matched,name_exact,1.0,967,포스코미술관,미술관,50,https://www.mcst.go.kr/site/s_policy/dept/deptView.jsp?pDataCD=0417000000&pSeq=2078&pType=
2025,2025-01-01,한가람디자인미술관,예술의전당 한가람디자인미술관,서울,서초구,미술관,사립,1종,O,서울-사립13-2002-02호,서울특별시 서초구 남부순환로 2406,1668-1352,https://www.sac.or.kr,1999.11.01,275997.0,414.0,1394.0,71.2,1.0,matched,name_exact,1.0,27,예술의전당 한가람디자인미술관,미술관,51,https://www.mcst.go.kr/site/s_policy/dept/deptView.jsp?pDataCD=0417000000&pSeq=2078&pType=
2025,2025-01-01,한가람미술관,예술의전당 한가람미술관,서울,서초구,미술관,사립,1종,O,서울-사립13-2002-03호,서울특별시 서초구 남부순환로 2406,1668-1352,https://www.sac.or.kr,1990.10.17,800146.0,214.0,3805.0,73.9,1.0,matched,name_exact,1.0,26,예술의전당 한가람미술관,미술관,52,https://www.mcst.go.kr/site/s_policy/dept/deptView.jsp?pDataCD=0417000000&pSeq=2078&pType=
2025,2025-01-01,뮤지엄 한미,뮤지엄 한미,서울,송파구,미술관,사립,1종,O,서울-사립13-2003-07호,서울특별시 송파구 위례성대로 14,02-418-1315,https://museumhanmi.or.kr,2003.11.21,3000.0,100.0,347.0,25.1,1.0,matched,name_exact,1.0,968,뮤지엄 한미,미술관,53,https://www.mcst.go.kr/site/s_policy/dept/deptView.jsp?pDataCD=0417000000&pSeq=2078&pType=
2025,2025-01-01,헬로우뮤지움,헬로우뮤지움,서울,성동구,미술관,사립,1종,O,서울-사립13-2007-08호,서울특별시 성동구 성수일로 12길 20,02-3217-4222,https://www.hellomuseum.com,2007.11.14,6255.0,111.0,234.0,29.5,1.0,matched,name_exact,1.0,149,헬로우뮤지움,미술관,54,https://www.mcst.go.kr/site/s_policy/dept/deptView.jsp?pDataCD=0417000000&pSeq=2078&pType=
2025,2025-01-01,환기미술관,환기미술관,서울,종로구,미술관,사립,1종,O,서울-사립13-1993-09호,서울특별시 종로구 자하문로 40길 63,02-391-7701,https://www.whankimuseum.org,1992.11.05,24225.0,2500.0,1197.0,56.5,1.0,matched,name_exact,1.0,38,환기미술관,미술관,55,https://www.mcst.go.kr/site/s_policy/dept/deptView.jsp?pDataCD=0417000000&pSeq=2078&pType=
2025,2025-01-01,뮤지엄한미삼청,뮤지엄한미 삼청,서울,종로구,미술관,사립,1종,O,서울-사립13-2023-01호,서울특별시 종로구 삼청로 9길 45,02-733-1315,https://museumhanmi.or.kr,2022.12.21,10347.0,100.0,624.2,35.5,1.0,matched,name_exact,1.0,42,뮤지엄한미 삼청,미술관,56,https://www.mcst.go.kr/site/s_policy/dept/deptView.jsp?pDataCD=0417000000&pSeq=2078&pType=
2025,2025-01-01,이영미술관(휴관),이영미술관(휴관),서울,성북구,미술관,사립,1종,O,서울-사립13-2023-02호,서울특별시 성북구 선잠로 97,031-213-8223,https://www.icamkorea.org,2023.07.03,0.0,500.0,329.0,17.9,1.0,matched,name_exact,1.0,969,이영미술관(휴관),미술관,57,https://www.mcst.go.kr/site/s_policy/dept/deptView.jsp?pDataCD=0417000000&pSeq=2078&pType=
2025,2025-01-01,서울과학기술대학교 미술관,서울과학기술대학교 미술관,서울,노원구,미술관,대학,2종,O,서울-대학21-2013-04호,서울특별시 노원구 공릉로 232 다빈치관 224호,02-970-6215,https://art.seoultech.ac.kr,2013.05.01,4400.0,153.0,104.0,25.7,1.0,matched,name_exact,1.0,150,서울과학기술대학교 미술관,미술관,59,https://www.mcst.go.kr/site/s_policy/dept/deptView.jsp?pDataCD=0417000000&pSeq=2078&pType=
2025,2025-01-01,서울대학교미술관,서울대학교미술관,서울,관악구,미술관,대학,1종,O,서울-대학13-2006-04호,서울특별시 관악구 관악로 1,02-880-9504,https://www.snumoa.org,2006.06.06,44589.0,1006.0,1112.0,62.2,1.0,matched,name_exact,1.0,43,서울대학교미술관,미술관,60,https://www.mcst.go.kr/site/s_policy/dept/deptView.jsp?pDataCD=0417000000&pSeq=2078&pType=
2025,2025-01-01,숙명여자대학교문신미술관,숙명여자대학교문신미술관,서울,용산구,미술관,대학,1종,O,서울-대학13-2005-02호,서울특별시 용산구 청파로 47길 100,02-710-9280,https://www.sookmyung.ac.kr/sites/moonshin/index.do,2004.05.10,1818.0,659.0,506.0,29.9,1.0,matched,name_exact,1.0,151,숙명여자대학교문신미술관,미술관,61,https://www.mcst.go.kr/site/s_policy/dept/deptView.jsp?pDataCD=0417000000&pSeq=2078&pType=
